02-100-1234,ทารา บุฟเฟ่ต์โรงแรม ราแกรนด์ ร้านอาหารบุฟเฟ่ต์ เซ็นทา โรงแรมเซ็น บุฟเฟ่ต์บุฟเฟ่ต์ อาหารบุฟเฟ่ต์ แกรนด์ร้านอาหาร กรุงเทพ คูปองวงใน บุฟเฟ่ต์กรุง บุฟเฟ่ต์อาหาร บุฟเฟ่ต์เดอะเวิลด์ รีวิว รูปภาพอาหาร รูปอาหาร ร้านอร่อย ร้านอาหารอาหาร ร้านอาหารโรงแรม ร้านเด็ด ร้านโรงแรม วารีโรงแรม วิวเมนู สปาเซ็น ส่วนลดคูปอง อร่อยร้านอาหาร อาหารรูป อาหารร้าน อาหารเส้นทาง เซ็นทรัลเวิลด์ร้าน เซ็นวารี เดอะเวิลด์บุฟเฟ่ต์ เดอะเวิลด์ร้านอาหาร เด็ดร้าน เทพสปา เมนูแนะนำ เส้นทางแผนที่ แกรนด์เซ็นทรัลเวิลด์ แนะนำรูปภาพ แผนที่ส่วนลด โรงแรมรี โรงแรมร้านอาหาร โรงแรมอาหาร,1
02-100-6255,จินเจอ เจอร์ บุฟเฟ่ต์อาหาร ร์บุฟเฟ่ต์ ห้องอาหารจิน ห้องอาหารเดอะเวิลด์ กรุงเทพมหานครถูกใจ กำลังพูดถึง คนกำลัง คนคน คนที่นี่ คอนเวน ชันเซ็นเตอร์ ถูกใจคน ทารา ที่นี่ห้องอาหาร นานาชาติบุฟเฟ่ต์ นานาชาติห้องอาหาร บางกอกคอน บุฟเฟ่ต์นานาชาติ พูดถึงสิ่ง ราแกรนด์ ร์โรงแรม สิ่งคน อาหารจิน อาหารนานาชาติ เซ็นทา เซ็นเตอร์เซ็นทรัลเวิลด์ เดอะเวิลด์ห้องอาหาร เดอะเวิลด์เเละ เวนชัน เเละห้องอาหาร แกรนด์บางกอก โรงแรมเซ็น,1
02-108-6068,ทัวร์บริษัท นำเที่ยวจำลอง นำเที่ยวนำเที่ยว บริษัทนำเที่ยว สถานีทัวร์ ออกแบบโปรแกรม โปรแกรมนำเที่ยว นำเที่ยวสถานี คนรับออกแบบ จำลองถูกใจ จำลองออกแบบ ถูกใจคนรับ,1
02-212-6057,กลับญี่ปุ่น กรุงเทพมหานครถูกใจ กำลังพูดถึง คนกำลัง คนคน ซัวเถาโปรโมชั่น ญี่ปุ่นราคา ญี่ปุ่นสำห ตั๋วเครื่องบิน ถูกที่กรุงเทพมหานคร ถูกใจคน บัตรโดยสาร บินไทย พิเศษบิน พูดถึงสิ่ง รัตั๋วเครื่องบิน ราคาโปรโมชั่น สำหรัตั๋ว เครื่องบินกลับ เครื่องบินเที่ยว เดินทางกลับ เที่ยวซัวเถา โดยสารเดินทาง โปรโมชั่นตั๋ว โปรโมชั่นถูกที่ โปรโมชั่นพิเศษ ไทยบัตร,1
02-214-1655,กรุงเทพมหานครถูกใจ กำลังพูดถึง คนกำลัง คนคน ถูกใจคน พูดถึงสิ่ง สิ่งคน คนที่นี่ ที่นี่กรุงเทพมหานคร คนนี่ คอนโดมิ นี่อ พักอ พาร์ตเม้นต์ พาร์ทเม้นต์ มห้องเช่า มิเนี่ย ร์ตเม้นต์อพาร์ทเม้นท์ หอพัก อพา อพาร์ท อพาร์ทเม้นท์แมนชั่น เนี่ยม เม้นต์หอ แฟลตคอนโด แมนชั่นแฟลต,1
02-214-6630,กรุงเทพมหานครถูกใจ กำลังพูดถึง คนกำลัง คนคน คนที่นี่ ถูกใจคน พูดถึงสิ่ง สิ่งคน กรุงเทพมหานครกรุงเทพมหานคร ที่นี่กรุงเทพมหานคร ศิลปวัฒนธรรมกรุงเทพมหานคร หอศิลปวัฒนธรรม ที่นี่หอ กรุงเทพฯกรุงเทพมหานคร ชีวิตสังคม ตำนานชีวิต ที่นี่ประเทือง นิทรรศการหอ ประเทืองเอม ฝ่ายนิทรรศการ ริ้วสรรพ ร้อยริ้ว ศิลปกรุงเทพฯ สรรตำนาน สรรพสี สังคมฝ่าย สีสรร หอศิลป เจริญร้อย เอมเจริญ,1
02-214-6631,ศิลปวัฒนธรรมกรุงเทพมหานคร หอศิลปวัฒนธรรม กรุงเทพมหานครกรุงเทพมหานคร กรุงเทพมหานครถูกใจ กำลังพูดถึง คนกำลัง คนคน คนที่นี่ ถูกใจคน ที่นี่หอ พูดถึงสิ่ง สิ่งคน,1
02-214-6638,กระทรวงวัฒนธรรม ร่วมสมัยกระทรวง ศิลปวัฒนธรรมร่วมสมัย สําศิลปวัฒนธรรม พิศสุ วรรณสํา วัฒนธรรมสํา สุรินทร์พิศ สุวรรณ,1
02-216-5695,ตั๋วเครื่องบิน ขัดข้องทำให้ ญี่ปุ่นตั๋ว ตั๋วราคา ทำการยกเลิก ทำให้ผม ทำให้สามารถ ที่ผ่านมาเครื่องยนต์ ธคที่ผ่านมา บินทำให้ ผมเกิด ยกเลิกไฟ ยุโรปออสเตรเลีย ราคาตั๋ว ราคาแอร์ ลท์ธค สามารถบิน ออสเตรเลียเกาหลี อินเดียทำการ อเมริกายุโรป เกาหลีญี่ปุ่น เกิดปัญหา เครื่องบินราคา เครื่องบินอเมริกา เครื่องยนต์ขัดข้อง แอร์อินเดีย ไฟลท์,1
02-218-5266,กำลังพูดถึง คนกำลัง คนคน ชถูกใจ ถูกใจคน ธรรมช พิพิธภัณฑ์ธรรม พูดถึงสิ่ง,1
02-221-1067,อุปกรณ์เดินทาง ซื้อขายอุปกรณ์ ท่องเที่ยวท่องเที่ยว ท่องเที่ยวอุปกรณ์ ปิ้งอุปกรณ์ ร้านอุปกรณ์ อุปกรณ์ท่องเที่ยว อุปกรณ์เดินป่า อุปกรณ์แคม เดินทางซื้อขาย เดินทางท่องเที่ยว เดินทางอุปกรณ์ เดินป่าร้าน แคมปิ้ง,1
02-222-2333,จำกัดกรุงเทพมหานคร ซ่าแทรเวิล ดิซ่า บริษัทเอ เอดิ แทรเวิลจำกัด,1
02-222-8613,เพลินจิต กรุงเทพมหานครบริษัท กาจัดส่ง ขายให้เช่า คอนโดคอนโดมิเนียม คอนโดบ้าน คอนโดมิเนียมขาย จังหวัดระนอง จัดส่งพื้นที่ จำกัดสำนักงานใหญ่ จิตคอนโด จิตซ ซฤ ดีถนน ดูเบสต์ ถนนเพลิน บริษัทดู บ้านเพลิน พื้นที่จังหวัด ระนองระนอง ฤดี ลำลูก ลูกกา สำนักงานใหญ่ลำ เทรดดิ้งจำกัด เบสต์เทรดดิ้ง ให้เช่ากรุงเทพมหานคร ให้เช่าคอนโด,1
02-223-1112,กี้โทร ค่ะม่ะ ติดสตาร์ มั้ยค่ะ ม่ะกี้ สตาร์เวิร์ลแทร เบอร์มั้ย เวลกรุงเทพมหานคร เวิร์ลแทรเวล โทรติด,1
02-223-5910,ดับบลิวแทร ทีดับ บลิวแทรเวล ห้างหุ้นส่วนจำกัดที เซอร์วิสกรุงเทพมหานคร เวลเซอร์วิส,1
02-223-7381,กรุ๊ปอินเตอร์เนชั่นแนล กัดเค จำกัด ทีเอส ห้างหุ้นส่วนจำ อินเตอร์เนชั่นแนลกรุงเทพมหานคร เคที เอสกรุ๊ป,1
02-224-0055,กรุงเทพมหานครถูกใจ กำลังพูดถึง คนกำลัง คนคน จำกัดกรุงเทพมหานคร ถูกใจคน บริษัทไทย พูดถึงสิ่ง สิริแทรเวิล เซอร์วิสจำกัด แทรเวิลเซอร์วิส ไทยสิริ ซัวเถาที่พัก ตั๋วเครื่องบิน ทัวร์เที่ยว ที่พักรีสอร์ท รีสอร์ททัวร์ สิ่งบริษัท สิ่งโปรโมชั่น เครื่องบินเที่ยว เที่ยวซัวเถา โปรโมชั่นตั๋ว,1
02-225-6179,กรุงเทพฯถูกใจ กำลังพูดถึง คนกำลัง คนคน ถูกใจคน ทรา ทางน้ำอย่างมีคุณภาพ ท่องเที่ยวทางน้ำ นึกถึงบริษัท บริษัทมิตร พระยา พูดถึงสิ่ง มิตรเจ้า ยาท ราเวล สิ่งท่องเที่ยว อย่างมีคุณภาพนึกถึง เจ้าพระ เวลจำกัด จำกัดกรุงเทพฯ,1
02-233-3640,งานสาย ขายงาน สายขาย งานงาน คลังสินค้างาน งานคลังสินค้า งานต่างประเทศ งานบริการ งานผู้บริหาร งานฝ่าย งานวางแผนการ จัดส่งงาน บริการลูกค้า ประสานงานงาน ผลิตงาน ผู้บริหารโครงการ ฝ่ายประสานงาน ลูกค้างาน วางแผนการผลิต สายจัดส่ง หางาน โครงการงาน กราวน์ ค้นหางาน งานกราว งานชาวต่างชาติ งานบทความ งานบริษัท งานผู้ดูแล งานพา งานพาร์ทไทม์ งานรอบรู้ งานรัฐวิสาหกิจ งานราชการ งานลูกเรือ งานสนามบิน งานสมัครงาน งานสายการบิน งานหา งานเลขานุการ งานแอร์ไลน์ จัดการเอกสาร ชาวต่างชาติงาน ต่างชาติงาน ต่างประเทศงาน ต่างประเทศหา ทามบางกอก น์งาน บทความงาน บทความบทความ บริษัทต่างชาติ บางกอกโพสต์ บินงาน ผู้ดูแลจัดการ ฝึกงานสนามบิน พาร์ทไทม์งาน พาส รอบรู้เรื่อง รัฐวิสาหกิจรับสมัคร รับสมัครงาน ราชการงาน ลูกเรือแปล สทาม สนามบินงานสนาม สมัครงานค้นหา สายการบินงาน เรื่องงาน เลขานุการงาน เอกสารงาน แปลแปล แอร์ไลน์งาน โพสต์ฝึกงาน,1
02-233-7789,กรุงเทพมหานครถูกใจ กำลังพูดถึง คนกำลัง คนคน คนที่นี่ ถูกใจคน พูดถึงสิ่ง สิ่งคน ที่นี่กรุงเทพมหานคร ครับเล่น ครูซมี ซมีตั๋ว ซื้อเครื่องเล่น ตั๋วสถานที่ ตั๋วเหมา ที่นี่เรือ มั้ยครับ ล่องเรือสตาร์ สตาร์ครู สถานที่มั้ย สำราญล่องเรือ หรือว่าตั๋ว เครื่องเล่นเท่านั้น เครื่องเล่นเอา เท่านั้นครับ เรือสำราญ เล่นซื้อ เหมาเครื่องเล่น เอาหรือว่า,1
02-234-0212,กันยายนโทร การนำจัดจำหน่าย คลื่นสวย จัดจำหน่ายวัสดุ จันทบุรีโปรโมชัน ตื้นคลื่น ที่พักๆ ปกติมิถุนายน ผู้นำการนำ พิเศษหั่น มิถุนายนกันยายน ราคาที่พัก ราคาปกติ ริมทะเลหาด รีสอร์ทริมทะเล รีสอร์ทรีสอร์ท ลดสูงสุด วัสดุอโลหะ สวยรีสอร์ท สูงสุดราคา หลาวจันทบุรี หั่นราคา หาดตื้น หาดเจ้า เจ้าหลาว โทรผู้นำ โปรโมชันพิเศษ ๆลด,1
02-234-0291,เล็กๆ กรุงภาพ กรุงเทพฯสร้างสรรค์ กลุ่มชนิด การวิวัฒนาการคงอยู่ ขนาดใหญ่ยุค ขนาดใหญ่โลก คงอยู่สืบเนื่อง คล้ายเชื้อเชิญ ความงดงามหัวมุมถนน ความงดงามเปลือกหอย ความงามบรรดา ความทรงจำวันที่ ความน่ารักสดใส ความมหัศจรรย์ตัว ความมหัศจรรย์เหนือ ความลี้ลับค้นหา ความสวยงามตัว คำอธิบายชื่อ คุณสัมผัส ค้นหาบันทึก จนฟอสซิล จัดแบ่งกลุ่ม จัดแสดงชั้น จัดแสดงเปลือกหอย จัดแสดงไม่ว่า จำนวนเปลือกหอย จูรา ชนิดคำอธิบาย ชนิดทั่วโลก ชนิดหอย ชั้นจัดแบ่ง ชิ้นเหมาะ ชื่อประวัติ ซอยบ้าน ณใจกลาง ดวงเล็ก ด้วยใจรัก ตอนต้นเปลือกหอย ตัวมัน ตัวเปลือกหอย ตึพิมพ์ ถ้อยคำเปลือกหอย ทะเลเปลือกหอย ทั่วโลกจำนวน ทั้งหมดนับ ท้องทะเลสวยงาม ท้องทะเลไม่ว่า ธรรมชาติรังสรรค์ นับล้าน นับหมื่น นายเลิศ น้องฝน น้ำทะเลณ บนพื้นที่ บรรดาเปลือกหอย บันทึกเรื่องราว บ้านปาร์ค ประวัติอย่างดี ปาร์คนาย ปีสิ่ง ผิดคล้าย ฝนภาพ ฝาขนาดใหญ่ พิพิธภัณฑ์หอย พิพิธภัณฑ์เปลือกหอย พิพิธภัณฑ์เผย พิมพ์เปลือกหอย พื้นที่จัดแสดง ฟอสซิลหอย ภาพถ้อยคำ ภาพโอ๋ มันสิ่งมีชีวิต มากกว่าชนิด มีเรื่องราว มือเสือ ยิ่งขึ้นเสมือน ยุคจู รวบรวมพิพิธภัณฑ์ รอคอยคุณ ระลึกความทรงจำ รักความงดงาม รังสรรค์แต่ง ราวรอคอย ราสสิค รูปร่างเหมือน รู้เปลือกหอย ล้วนได้รับ ล้านปี วันที่เยือน ศึกษาหาความ สดใสหอย สถานที่จัดแสดง สร้างสรรค์สถานที่ สวยงามธรรมชาติ สวยงามยิ่งขึ้น สสิคตอนต้น สองฝา สันท้องทะเล สัมผัสความมหัศจรรย์ สัมผัสเก็บ สายน้ำความมหัศจรรย์ สิ่งมีชีวิตเล็ก สิ่งระลึก สิ่งเปลือกหอย สีลมซอย สีสันดวง สืบเนื่องนับ หมื่นๆ หลากสีสัน หอยกรุงเทพฯ หอยขนาดใหญ่ หอยความสวยงาม หอยมือ หอยสอง หอยหัวใจ หอยแครง หัวมุมถนนสีลม หัวใจรูปร่าง หัวใจหลาก หัวใจหอย หาความรู้ อย่างดีบน อลังการจัดแสดง อัญมณีท้องทะเล อิ่มเอมตึ เก็บสิ่ง เข้าชมด้วยใจ เชื้อเชิญเยี่ยมชม เปลือกหอยกรุงเทพมหานคร เปลือกหอยความน่ารัก เปลือกหอยทั้งหมด เปลือกหอยพิพิธภัณฑ์ เปลือกหอยมากกว่า เปลือกหอยมีเรื่อง เปลือกหอยศึกษา เปลือกหอยเป็นความ เปลือกหอยเหนือ เปลือกหอยเหล่านี้ เปลือกหอยแต่ละ เปลือกหอยแฝง เป็นความสวยงาม เผยอลังการ เยี่ยมชมความงาม เยือนทะเล เรื่องน้อง เรื่องราวสายน้ำ เลิศพิพิธภัณฑ์ เสมือนอัญมณี เสือหอย เหนือความงดงาม เหนือน้ำทะเล เหมาะเข้าชม เหมือนหัวใจ เหล่านี้ล้วน แครงหัวใจ แต่งแต้มสี แต่ละชนิด แต้มสีสัน แฝงความลี้ลับ โลกจน โอ๋อิ่มเอม ใครสัมผัส ใจกลางกรุง ได้รับรวบรวม ไม่มีผิด ไม่ว่าหอย ไม่ว่าใคร ๆการวิวัฒนาการ ๆชิ้น ๆไม่มี,1
02-000-3639,กรุงเทพมหานครถูกใจ กำลังพูดถึง คนกำลัง คนคน คนที่นี่ ดิเซิร์ท ถูกใจคน ที่นี่ปลา ปลาวี่ พูดถึงสิ่ง วี่ดิ สิ่งคน เซิร์ทคาเฟ่ คาเฟ่กรุงเทพมหานคร คนรู้ใจ ของหวานควงแขน ของหวานหน้าตา ควงแขนคน ความหวานของหวาน ความอบอุ่นคุณ คาเฟ่ร้าน คุณคน ซอยนราธิวาสราชนครินทร์ ดูโรแมนติก นราธิวาสราชนครินทร์บรรยากาศ บรรยากาศดู พาเติม รู้ใจพา รู้ใจสวีท ร้านของหวาน สวีทแถว หน้าตาสวยงาม เติมความหวาน แถวซอย แฝงความอบอุ่น โรแมนติกแฝง,2
02-001-5160,กำลังพูดถึง คนกำลัง คนคน ถูกใจคน พูดถึงสิ่ง วาเลนไทน์เค้ก กงครบ กรุงเทพมหานครถูกใจ คนที่นี่ ครบถอวา ครบปรง ครบสลด คอกง คาเฟออน งอนทว งๆ จรง จานน ฉลองวาเลนไทน์ ชนดค ชมคอ ชอบอย ช่องดู ช์เบเกอรี่ ซฟดมา ดคลก ดงแตอ ดมาพร ดวยนำ ดูย้อนหลัง ตวจร ถอวาโอเค ทวๆ ที่นี่คา ทุกวันเสาร์ นช่อง นานาชน นำสลด นใส ปรงรส ผกนานา ผอมๆ ฝรั่งเศสเมนู พรอม พระครบ พอลเฟ พเศษ มสขเปนพ ยางอน ย้อนหลังพอล รนช์ รสไดด รานสวน รายการทุกวัน ร้านร้านเบเกอรี่ ร้านเบเกอรี่ฝรั่งเศส ลกดวย วจาน วนพระ สขเปนพเศษ สดเดง สลดซฟ สลดพ สวนตว สิ่งคน สิ่งรายการ หัวใจผอม อมผก อยแล เค้กวาเลนไทน์ เค้กหัวใจ เดงดง เบเกอรี่ฉลอง เฟรน เฟออนเอิร์ธ เมนูใหม่ เยอะม เวลาน เศษชม เศษราน เสาร์เวลา เอิร์ธถูกใจ แตอยา แลว โอเคครบ ใสเยอะ ใหม่กรุงเทพมหานคร ไดดสด ๆครบ ๆชอบ ๆวน,2
02-019-8287,ทองหล่อ กรุงเทพมหานครความช่วยเหลือ กรุงเทพมหานครถูกใจ กำลังพูดถึง กินเรื่องใหญ่ ของหวานรี คนกำลัง คนคน ความช่วยเหลือเพื่อน คาเฟ่ทอง คาเฟ่สุขุมวิท คุณพง คูปองวงใน ค้นหาร้าน ชานม ชาเขียวคาเฟ่ ชาเขียวสุขุม ถูกใจคน ทีลิลี่ นมไข่มุก น้ำชากรุงเทพมหานคร น้ำผลไม้เครื่องดื่ม พงษ์ พูดถึงสิ่ง รีวิว รูปภาพอาหาร รูปอาหาร ร้านกาแฟของหวาน ร้านน้ำชา ร้านอร่อย ร้านอาหารอาหาร ร้านเด็ด ลิลี่คาเฟ่ วงในเรื่อง วิวเมนู ษ์ทอง สิ่งค้นหา สุขุมที สุขุมวิทชาเขียว สุขุมวิทสุขุมวิท ส่วนลดคูปอง หล่อชาเขียว หล่อน้ำผลไม้ หล่อสุขุมวิท อร่อยร้านอาหาร อาหารรูป อาหารร้าน อาหารเส้นทาง เครื่องดื่มชา เด็ดร้าน เพื่อนคุณ เมนูแนะนำ เรื่องกิน เรื่องใหญ่กรุงเทพมหานคร เส้นทางแผนที่ แนะนำรูปภาพ แผนที่ส่วนลด ไข่มุกร้านกาแฟ,2
02-023-2685,กรุงเทพ ชิมแชร์ ปริมลฑลร้านอาหาร รูปอาหาร ร้านอาหารรูป ร้านอาหารแชะ ร้านอาหารโปรโมชั่น ส่วนลดร้านอาหาร อร่อยเมนู อาหารเมนู เทพปริมลฑล เมนูอร่อย เมนูแนะนำ แชะชิม แนะนำส่วนลด โปรโมชั่นร้านอาหาร,2
02-023-4521,กรุงเทพมหานครถูกใจ กำลังพูดถึง คนกำลัง คนคน คนที่นี่ ถูกใจคน พูดถึงสิ่ง สิ่งคน,2
02-041-0260,กรุงเทพมหานครถูกใจ กำลังพูดถึง คนกำลัง คนคน คนที่นี่ ถูกใจคน พูดถึงสิ่ง สิ่งคน ที่นี่กรุงเทพมหานคร,2
02-041-1402,กรุงเทพมหานครถูกใจ กำลังพูดถึง คนกำลัง คนคน คนที่นี่ ถูกใจคน พูดถึงสิ่ง สิ่งคน ที่นี่กรุงเทพมหานคร คุ้มคุ้ม โปรโมชั่นร้านอาหาร กรุงเทพ ของหวานกรุง ความงามที่พัก คุ้มลดราคา ชิดลม ชิมแชร์ ญี่ปุ่นพัทยา ดีต้นตำรับ ดีลดีล ดีลพิเศษ ต้นตำรับของหวาน ทองหล่อ ที่นี่คุ้ม ที่พักสุขุมวิท ท่องเที่ยวสุขภาพ บรรยากาศดี ปริมลฑลร้านอาหาร พัทยาภูเก็ต พารากอนเซ็นทรัล พิเศษบรรยากาศ ภูเก็ตหัว รูปอาหาร ร้านอาหารรูป ร้านอาหารแชะ ร้านอาหารโปรโมชั่น ร้านอาหารโรงแรม ลดราคาโปรโมชั่น ลมอาหาร สุขภาพความงาม สุขุมวิททอง ส่วนลดร้านอาหาร หล่อพารากอน หัวหิน หินเชียงใหม่ อร่อยเมนู อาหารจีนอาหาร อาหารญี่ปุ่น อาหารเมนู อาหารไทย เชียงใหม่ดีล เซ็นทรัลชิด เทพปริมลฑล เมนูอร่อย เมนูแนะนำ แชะชิม แนะนำส่วนลด โรงแรมท่องเที่ยว ไทยอาหารจีน,2
02-100-1234,ทารา บุฟเฟ่ต์โรงแรม ราแกรนด์ ร้านอาหารบุฟเฟ่ต์ เซ็นทา โรงแรมเซ็น บุฟเฟ่ต์บุฟเฟ่ต์ อาหารบุฟเฟ่ต์ แกรนด์ร้านอาหาร กรุงเทพ คูปองวงใน บุฟเฟ่ต์กรุง บุฟเฟ่ต์อาหาร บุฟเฟ่ต์เดอะเวิลด์ รีวิว รูปภาพอาหาร รูปอาหาร ร้านอร่อย ร้านอาหารอาหาร ร้านอาหารโรงแรม ร้านเด็ด ร้านโรงแรม วารีโรงแรม วิวเมนู สปาเซ็น ส่วนลดคูปอง อร่อยร้านอาหาร อาหารรูป อาหารร้าน อาหารเส้นทาง เซ็นทรัลเวิลด์ร้าน เซ็นวารี เดอะเวิลด์บุฟเฟ่ต์ เดอะเวิลด์ร้านอาหาร เด็ดร้าน เทพสปา เมนูแนะนำ เส้นทางแผนที่ แกรนด์เซ็นทรัลเวิลด์ แนะนำรูปภาพ แผนที่ส่วนลด โรงแรมรี โรงแรมร้านอาหาร โรงแรมอาหาร,2
02-100-6255,จินเจอ เจอร์ บุฟเฟ่ต์อาหาร ร์บุฟเฟ่ต์ ห้องอาหารจิน ห้องอาหารเดอะเวิลด์ กรุงเทพมหานครถูกใจ กำลังพูดถึง คนกำลัง คนคน คนที่นี่ คอนเวน ชันเซ็นเตอร์ ถูกใจคน ทารา ที่นี่ห้องอาหาร นานาชาติบุฟเฟ่ต์ นานาชาติห้องอาหาร บางกอกคอน บุฟเฟ่ต์นานาชาติ พูดถึงสิ่ง ราแกรนด์ ร์โรงแรม สิ่งคน อาหารจิน อาหารนานาชาติ เซ็นทา เซ็นเตอร์เซ็นทรัลเวิลด์ เดอะเวิลด์ห้องอาหาร เดอะเวิลด์เเละ เวนชัน เเละห้องอาหาร แกรนด์บางกอก โรงแรมเซ็น,2
02-100-9898,กรุงเทพมหานครถูกใจ กำลังพูดถึง คนกำลัง คนคน ถูกใจคน พูดถึงสิ่ง สิ่งกรุงเทพมหานคร ชิมชาว พิเศษรี ราคารูปภาพ รีวิว รูปภาพเบอร์โทรศัพท์ ร้านอาหารเมนู วิวอร่อย สิ่งหาคู่ ส่วนลดพิเศษ หาคู่ร้านอาหาร หาคู่หาคู่ อร่อยเพื่อน เบอร์โทรศัพท์ส่วนลด เพื่อนชิม เมนูราคา,2
02-101-0415,ณ์ซาลาเปา ภรณ์ ราภร วรา วัฒนะ แจ้งวัฒ รีวิว ซาลาเปาเซ็นทรัล เซ็นทรัลแจ้ง ปากเกร็ด รูปอาหาร เมนูแนะนำ ซาลาเปาแจ้ง นวรา นะอาหารจีน รูปภาพอาหาร ร้านว ร้านอร่อย ร้านอาหารอาหาร ร้านเด็ด วิวเมนู ส่วนลดคูปอง อร่อยร้านอาหาร อาหารจีนรี อาหารรูป อาหารร้าน อาหารเส้นทาง เด็ดร้าน เส้นทางแผนที่ แนะนำรูปภาพ แผนที่ส่วนลด กรุงเทพ คูปองวง คูปองวงใน จีนร้าน ชาวรายละเอียด ชิมชาว ชิมแชร์ ซาลาเปาจีน ซาลาเปาสาขา นนทบุรีปาก นะรี นะร้า นะว นะเมนู นะแผนที่ นำว ปริมลฑลร้านอาหาร พลาซ่าแจ๊งวัฒ พิเศษรี ราคารูปภาพ รายละเอียดร้า รูปภาพเบอร์โทรศัพท์ รูปภาพเมนู ร้านสาขา ร้านอา ร้านอาหารรูป ร้านอาหารแชะ ร้านอาหารโปรโมชั่น วงว วงในกรุง วิวรูปภาพ วิวว วิวอร่อย สาขาปาก สาขาเซ็นทรัล ส่วนลดพิเศษ ส่วนลดร้านอาหาร หารว อร่อยเพื่อน อร่อยเมนู อาหาร อาหารจีนร้าน อาหารเมนู เกร็ดปาก เกร็ดรี เกร็ดอาหารจีน เซ็นทรัลพลาซ่า เทพปริมลฑล เบอร์โทรศัพท์ส่วนลด เพื่อนชิม เมนูราคา เมนูอร่อย เมนูแนะ แจ๊งวัฒนะ แชร์ว แชะชิม แนะนำ แนะนำส่วนลด โปรโมชั่นร้านอาหาร,2
02-101-0469,ร้านอาหารญี่ปุ่น อาหารญี่ปุ่น คุ้มคุ้ม ทองหล่อ รีวิว กรุงเทพ ความงามที่พัก คุ้มลดราคา คูปองวงใน ชาวอาหาร ชิกรุง ชิดลม ชิมชาว ซูชิ ญี่ปุ่นซู ญี่ปุ่นทอง ญี่ปุ่นบุฟเฟ่ต์ ญี่ปุ่นพัทยา ญี่ปุ่นร้าน ญี่ปุ่นร้านอาหาร ญี่ปุ่นสยาม ญี่ปุ่นสีลม ญี่ปุ่นสุขุมวิท ดีลดีล ดีลพิเศษ ที่พักสุขุมวิท ท่องเที่ยวสุขภาพ นะอาหาร นะเมนู บุฟเฟ่ต์บุฟเฟ่ต์ บุฟเฟ่ต์อาหาร พลาซ่าแจ๊งวัฒ พัทยาภูเก็ต พารากอนเซ็นทรัล พิเศษรี พิเศษร้านอาหาร ภูเก็ตหัว ราคารูปภาพ รูปภาพอาหาร รูปภาพเบอร์โทรศัพท์ รูปอาหาร ร้านสาขา ร้านอร่อย ร้านอาหารสาขา ร้านอาหารอาหาร ร้านอาหารโรงแรม ร้านเด็ด ลดราคาโปรโมชั่น ลมอาหาร วัฒนะ วิวอร่อย วิวเมนู สยามร้านอาหาร สาขารี สาขาเซ็นทรัล สีลมเซน สุขภาพความงาม สุขุมวิททอง สุขุมวิทร้านอาหาร ส่วนลดคูปอง ส่วนลดพิเศษ หล่อพารากอน หล่อร้านอาหาร หัวหิน หินเชียงใหม่ อร่อยร้านอาหาร อร่อยเพื่อน อาหารจีนอาหาร อาหารรูป อาหารร้าน อาหารเส้นทาง อาหารไทย เชียงใหม่ดีล เซนเซ็นทรัล เซ็นทรัลชิด เซ็นทรัลพลาซ่า เซ็นทรัลแจ้ง เด็ดร้าน เทพร้านอาหาร เบอร์โทรศัพท์ส่วนลด เพื่อนชิม เมนูราคา เมนูแนะนำ เส้นทางแผนที่ แจ้งวัฒ แจ๊งวัฒนะ แนะนำรูปภาพ แผนที่ส่วนลด โปรโมชั่นร้านอาหาร โรงแรมท่องเที่ยว ไทยอาหารจีน,2
02-101-0471,หุ้นเด่น อร่อยร้านอาหาร ร้านอร่อย กราฟตลาดหุ้น กะสวรรค์ การเงินน้ำมัน กีฬาหนัง ข่าวข่าวด่วน ข่าวด่วนการเงิน ข่าววันนี้ ข่าวหา ข่าวหุ้น คนคลั่ง คลั่งเนื้อ คลิปวิดีโอ คูปองวงใน คูปองส่วนลด งานช้อปปิ้ง ช้อปปิ้งอัลบั้ม ญี่ปุ่นอร่อย ดาราข่าว ดาราฟุตบอล ดูดวงหวย ดูหนัง ตลาดหลักทรัพย์โฆษณา ตลาดหุ้นบทวิเคราะห์ ตลาดหุ้นไทย ตี้กีฬา ทองคำกราฟ ทองคำอัตราแลกเปลี่ยน นะเนื้อ น้ำมันหุ้น บทวิเคราะห์ตลาดหลักทรัพย์ บอลดู บาร์บีคิวร้าน บ้านดารา ประจำวันราคา ฟังเพลงหา ฟุตบอลวิเคราะห์ มุมอร่อย ย่างบาร์บีคิว รถหา ราคาทองคำ รีวิว รูปภาพอาหาร รูปวา รูปอาหาร ร้านสาขา ร้านอาหารร้าน ร้านอาหารอร่อย ร้านอาหารอาหาร ร้านเด็ด ลงทุนข่าว ละครดารา วัฒนะ วันนี้ตลาดหุ้น วันนี้ทองคำ วาไร วิดีโอเพลง วิวเมนู วิเคราะห์บอล สลากกินแบ่งรัฐบาลฟังเพลง สวรรค์คน สาขารี ส่วนลดคูปอง ส่วนลดหา หนังคลิป หนังละคร หนังสือพิมพ์ลงทุน หวยสลากกินแบ่งรัฐบาล หางาน หาบ้าน หารถ หาเพื่อน หุ้นหนังสือพิมพ์ หุ้นหุ้น อร่อยมุม อร่อยอาหาร อร่อยเกมส์ ออนไลน์หุ้น อัตราแลกเปลี่ยนหุ้น อัลบั้มรูป อากะ อาหารญี่ปุ่น อาหารรูป อาหารร้าน อาหารอร่อย อาหารอาหาร อาหารเส้นทาง เกมดูดวง เกมส์เกม เซ็นทรัลแจ้ง เด็ดร้าน เด่นประจำวัน เด่นวันนี้ เด่นเซ็นทรัล เนื้อย่าง เนื้อโปรโมชั่น เพลงคูปอง เพื่อนแชท เมนูแนะนำ เส้นทางแผนที่ แจ้งวัฒ แชทข่าว แนะนำรูปภาพ แผนที่ส่วนลด โฆษณาออนไลน์ โปรโมชั่นอาหาร โปรโมชั่นโปรโมชั่น ไทยข่าว ไรตี้,2
02-101-0494,ซเซ็นทรัล นะชั้น วัฒนะ วีซ สควี เซ็นทรัลแจ้ง แจ้งวัฒ ปากเกร็ด รีวิว ชั้นนานาชาติ ชั้นรี ชั้นร้าน ชั้นสค ชั้นแผนที่ ชานม ชาวสค ชิมชาว ตี้ผลไม้ นนทบุรีปาก นมไข่มุก นะเมนู นานาชาติร้าน นุ่มสาขา น้ำผลไม้เครื่องดื่ม บาทร้านอาหาร บาทเหลือ ผลไม้เนื้อ พลาซ่าแจ๊งวัฒ พิเศษรี ราคารูปภาพ รายละเอียดร้าน รูปภาพเบอร์โทรศัพท์ รูปภาพเมนู ร้านชั้น ร้านสค ร้านสาขา ร้านอาหารสาขา ร้านไอศครีม ละเอียดเนียน วิวรูปภาพ วิวสค วิวอร่อย สมูทตี้ สาขาบาท สาขาปาก สาขาเซ็นทรัล ส่วนลดพิเศษ อร่อยเพื่อน เกร็ดน้ำผลไม้ เกร็ดปาก เกร็ดรี เครื่องดื่มชา เซ็นทรัลพลาซ่า เนียนนุ่ม เนื้อละเอียด เบอร์โทรศัพท์ส่วนลด เพื่อนชิม เมนูราคา เมนูแนะนำ เหลือบาท แจ๊งวัฒนะ แนะนำสมูท ไข่มุกร้าน ไอศครีมรายละเอียด,2
02-101-0510,ร้านอาหารญี่ปุ่น ปากเกร็ด อาหารญี่ปุ่น ร้านสาขา กรุงเทพ ชาบู ชิกรุง ซูชิ ญี่ปุ่นซู ญี่ปุ่นทอง ญี่ปุ่นบุฟเฟ่ต์ ญี่ปุ่นร้าน ญี่ปุ่นร้านอาหาร ญี่ปุ่นสยาม ญี่ปุ่นสีลม ญี่ปุ่นสุกี้ ญี่ปุ่นสุขุมวิท ทองหล่อ นนทบุรีปาก บุฟเฟ่ต์บุฟเฟ่ต์ บุฟเฟ่ต์รายละเอียด บุฟเฟ่ต์อาหาร บูร้าน รายละเอียดร้าน รีวิว รูปภาพเมนู ร้านญี่ปุ่น วิวรูปภาพ สยามร้านอาหาร สาขาบุฟเฟ่ต์ สาขาปาก สุกี้ชา สุขุมวิทร้านอาหาร หล่อร้านอาหาร เกร็ดปาก เกร็ดรี เกร็ดอาหาร เทพร้านอาหาร เมนูแนะนำ แนะนำอาหาร,2
02-101-0695,กรุงเทพ ร้านอาหารเซ็นทรัล วัฒนะ เซ็นทรัลแจ้ง แจ้งวัฒ ชิมแชร์ ฑลสฟรี ปริมล ปริมลฑลร้านอาหาร ปากเกร็ด ฟรีอ มลฑลส รูปอาหาร ร้านอาหารรูป ร้านอาหารแชะ ร้านอาหารโปรโมชั่น ลำลอง ส่วนลดร้านอาหาร อปาก อร่อยเมนู อาหารเมนู เกร็ดลำ เทพปริ เทพปริมลฑล เมนูอร่อย เมนูแนะนำ แชร์ร้านอาหาร แชะชิม แนะนำส่วนลด โปรโมชั่นร้านอาหาร ข้อมูลร้านอาหาร ชาวกรุงเทพ ชิมชาวกรุง ตลาดร่ำรวย ทั้งหมดตลาด นะข้อมูล นะทั้งหมด นะประกาศ นะเมนู น้ำแข็งใส ประกาศเกี่ยวกับ พลาซ่าแจ๊งวัฒ พิเศษรี ราคารูปภาพ รีวิว รูปภาพกรุง รูปภาพเบอร์โทรศัพท์ ร้านอาหารสาขา ลองน้ำแข็ง ลองรูปภาพ วิวอร่อย สาขาเซ็นทรัล ส่วนลดพิเศษ หิมะกรุง อร่อยเพื่อน เกล็ดหิมะ เกี่ยวกับร้านอาหาร เซ็นทรัลพลาซ่า เบอร์โทรศัพท์ส่วนลด เพื่อนชิม เมนูราคา แจ๊งวัฒนะ ใสเกล็ด,2
02-101-0712,ร้านอาหารญี่ปุ่น ฟูจิ กรุงเทพ วัฒนะ เซ็นทรัลแจ้ง เทพปริมลฑล แจ้งวัฒ จิเซ็นทรัล ชิมแชร์ ปริมลฑลร้านอาหาร ปากเกร็ด รูปอาหาร ร้านอาหารรูป ร้านอาหารแชะ ร้านอาหารโปรโมชั่น ส่วนลดร้านอาหาร อร่อยเมนู อาหารญี่ปุ่น อาหารเมนู เมนูอร่อย เมนูแนะนำ แชะชิม แนะนำส่วนลด โปรโมชั่นร้านอาหาร จิอ ซูชิ ญี่ปุ่นซู ญี่ปุ่นร้านอาหาร ปริมลฑลฟู ลำลอง อปาก เกร็ดลำ ความบันเทิงร้านอาหาร จิสาขา ชิกรุง ชิบาร์ ซอสไข่ปลา ซาซิ ซิมิ ญี่ปุ่นความบันเทิง ญี่ปุ่นญี่ปุ่น ญี่ปุ่นทอง ญี่ปุ่นบุฟเฟ่ต์ ญี่ปุ่นฟู ญี่ปุ่นรหัส ญี่ปุ่นสยาม ญี่ปุ่นสีลม ญี่ปุ่นสุขุมวิท ดซอส ทองหล่อ นนทบุรีร้านอาหาร นะปาก นะฟู นะรี นะร้าน นะแผนที่ บาร์ร้านอาหาร บุฟเฟ่ต์บุฟเฟ่ต์ บุฟเฟ่ต์อาหาร ประเทศไทยฟู มิเซต รหัสโทรศัพท์ ราด รีวิว ร้านฟู ร้านอาหารกรุง ร้านอาหารอาหาร ลองซา ลองแซลมอน วิวฟู สมุทรปราการประเทศไทย สยามร้านอาหาร สาขาเซ็นทรัล สีลมร้านอาหาร สุขุมวิทร้านอาหาร หล่อร้านอาหาร อำเภอเมือง เกร็ดนนทบุรี เซตกรุง เทพร้านอาหาร เมืองสมุทรปราการ แชร์กรุง แชร์อาหาร แซลมอนรา แผนที่กรุง โทรศัพท์อำเภอ ไข่ปลากรุง,2
02-101-0715,รีวิว ญี่ปุ่นร้าน ร้านสาขา อาหารญี่ปุ่น เมนูแนะนำ คูปองวงใน ฉิบันยะเซ็นทรัล นะอาหาร รูปภาพอาหาร รูปอาหาร ร้านอร่อย ร้านอาหารอาหาร ร้านเด็ด วัฒนะ วิวเมนู สาขารี ส่วนลดคูปอง อร่อยร้านอาหาร อาหารรูป อาหารร้าน อาหารเส้นทาง เซ็นทรัลแจ้ง เด็ดร้าน เส้นทางแผนที่ แจ้งวัฒ แนะนำรูปภาพ แผนที่ส่วนลด โคโค่อิ โค่อิฉิบันยะ ปากเกร็ด วงในโค ชาวนนทบุรี ชิมชาว ญี่ปุ่นร้านอาหาร นนทบุรีปาก นะเมนู พลาซ่าแจ๊งวัฒ พิเศษรี ราคารูปภาพ รายละเอียดร้าน รูปภาพเบอร์โทรศัพท์ รูปภาพเมนู ร้านญี่ปุ่น ร้านอาหารสาขา ร้านอาหารห้าง วิวรูปภาพ วิวอร่อย สาขาเซ็นทรัล สาขาโค ส่วนลดพิเศษ ห้างปาก อร่อยเพื่อน เกร็ดปาก เกร็ดรี เกร็ดอาหาร เซ็นทรัลพลาซ่า เบอร์โทรศัพท์ส่วนลด เพื่อนชิม เมนูราคา แจ๊งวัฒนะ แนะนำร้านอาหาร,2
02-101-0859,ขนมขนม คุ้มคุ้ม งานดก สมาชิกคน กดเข้ากลุ่ม กรุงเทพ กรุณากด กลุ่มครอบครัว กลุ่มงาน กลุ่มลับ ขนมประเทศไทย ขี้อิจฉาตั้งค่า คนขนม คนขี้อิจฉา คนทำงาน คนประกาศ ครอบครัวงาน ความงามที่พัก คะกลุ่ม คะรบกวน คะแมน คุ้มลดราคา งานทุกชนิด งานบริการ งานสมาชิก จังนะ ชาวนนทบุรี ชิดลม ชิมชาว ซ์กลุ่ม ญี่ปุ่นพัทยา ดกศูนย์รวม ดกห้อง ดีลดีล ดีลพิเศษ ตลาดอาหารจานเดียว ตั้งค่ากลุ่ม ทองหล่อ ทั่วไปร้าน ทำงานประเทศไทย ที่พักสุขุมวิท ทุกชนิดสมาชิก ท่องเที่ยวสุขภาพ นนทบุรีปาก นะเมนู นะเมิง บริการเสริฟ บาร์สมาชิก บาร์เทนเดอร์โรงแรม ประกาศคะ ประเทศไทยกรุง ประเทศไทยฟรี ปากเกร็ด ผับบาร์ พลาซ่าแจ๊งวัฒ พัทยาภูเก็ต พารากอนเซ็นทรัล พิเศษรี พิเศษร้านอาหาร ฟรีแลน ภูเก็ตหัว รบกวนสมาชิก รังแกแม้กระทั่ง ราคารูปภาพ รีวิว รูปภาพเบอร์โทรศัพท์ ร้านสาขา ร้านอาหารผับ ร้านอาหารสาขา ร้านอาหารโรงแรม ลดราคาโปรโมชั่น ลมอาหาร ลับสมาชิก วิวอร่อย ศูนย์รวมงาน สมาชิกกรุณา สมาชิกเก่า สมาชิกใหม่ สั่งอาหารไทย สาขาเซ็นทรัล สาขาเบเกอรี่ สามารถอ่าน สุขภาพความงาม สุขุมวิททอง ส่วนลดพิเศษ หมดคะ หล่อพารากอน หัวหิน หินเชียงใหม่ ห้องเก่า อร่อยเพื่อน อาหารจานเดียวสั่งอาหาร อาหารจีนอาหาร อาหารญี่ปุ่น อาหารไทย อ่านงาน เกร็ดตลาด เก่าสามารถ เก่าโดน เข้ากลุ่มใหม่ เข้ามาไม่ได้ เชียงใหม่ดีล เซ็นทรัลชิด เซ็นทรัลพลาซ่า เทพคุ้ม เบอร์โทรศัพท์ส่วนลด เบเกอรี่เค้ก เพื่อนชิม เมนูราคา เมิงรังแก เสริฟบาร์เทนเดอร์ แจ๊งวัฒนะ แมนจัง แม้กระทั่งคน แลนซ์ โดนคน โปรโมชั่นร้านอาหาร โรงแรมท่องเที่ยว โรงแรมร้านอาหาร ใหม่หมด ใหม่เข้ามา ไทยทั่วไป ไทยอาหารจีน ไม่ได้คะ,2
02-101-0868,ปากเกร็ด รีวิว ชิมชาว นนทบุรีปาก นะเมนู พลาซ่าแจ๊งวัฒ พิเศษรี ราคารูปภาพ รายละเอียดร้าน รูปภาพเบอร์โทรศัพท์ รูปภาพเมนู ร้านรี ร้านสาขา ร้านอาหารสาขา วิวรูปภาพ วิวอร่อย สาขารายละเอียด สาขาเซ็นทรัล ส่วนลดพิเศษ อร่อยเพื่อน อาหารจีนร้าน เกร็ดปาก เกร็ดอาหารจีน เซ็นทรัลพลาซ่า เบอร์โทรศัพท์ส่วนลด เพื่อนชิม เมนูราคา เมนูแนะนำ แจ๊งวัฒนะ แนะนำร้านอาหาร,2
02-101-0999,อร่อยร้านอาหาร ร้านอร่อย กินยก คูปองวงใน นรีวิว ฟิวชั่นรี ยางเอเชี่ยน รบาร์อา รูปภาพอาหาร รูปอาหาร ร้านอาหารอาหาร ร้านเด็ด วิวเมนู สโต ส่วนลดคูปอง หยาง หยินห หารฟิวชั่ อาหาร อาหารรูป อาหารร้าน อาหารเส้นทาง เด็ดร้าน เมนูแนะนำ เรื่องกิน เส้นทางแผนที่ เอเชี่ยนแก แกส แนะนำรูปภาพ แผนที่ส่วนลด โตรบาร์ กรุงเทพมหานครถูกใจ กำลังพูดถึง คนกำลัง คนคน ชิมชาว ถูกใจคน พิเศษรี พูดถึงสิ่ง มุมอร่อย ยกกรุงเทพมหานคร ยกหยิน ราคารูปภาพ รีวิว รูปภาพเบอร์โทรศัพท์ ร้านอาหารร้าน ร้านอาหารอร่อย ร้านอาหารเมนู วงในหยิน วงในอร่อย วิวอร่อย สิ่งเรื่อง ส่วนลดพิเศษ อร่อยมุม อร่อยอาหาร อร่อยเพื่อน อาหารอร่อย อาหารอาหาร เบอร์โทรศัพท์ส่วนลด เพื่อนชิม เมนูราคา,2
02-101-1247,กรุงเทพมหานครถูกใจ กำลังพูดถึง คนกำลัง คนคน คนที่นี่ ถูกใจคน ที่นี่ร้านอาหาร บรรยากาศดี พูดถึงสิ่ง ร้านอาหารบรรยากาศ สิ่งคน ดีกรุงเทพมหานคร กรุงเทพ เทพปริมลฑล ดีกรุง ปริมลฑลกรุง,2
02-101-5315,อเรสโฮมเวิร์ค เดอะเท เทอเรส โฮมเวิร์คราชพฤกษ์ รีวิว คุ้มคุ้ม อาหารไทย เมนูแนะนำ โปรโมชั่นร้านอาหาร กรวยมหา กรวยรี กรุงเทพ ครอบครัวกรวย ความงามที่พัก คุ้มลดราคา ชาวเดอะ ชิดลม ชิมชาว ชิมแชร์ ญี่ปุ่นพัทยา ดีลดีล ดีลพิเศษ ทองหล่อ ทั่วไปร้าน ที่พักสุขุมวิท ท่องเที่ยวสุขภาพ นนทบุรีกรวย นานาชาติครอบครัว ปริมลฑลร้านอาหาร พัทยาภูเก็ต พารากอนเซ็นทรัล พิเศษรายละเอียด พิเศษรี ภูเก็ตหัว มหาสวัสดิ์ ราคารูปภาพ ราชพฤกษ์นานาชาติ ราชพฤกษ์รี ราชพฤกษ์ร้าน ราชพฤกษ์เดอะ ราชพฤกษ์แผนที่ รายละเอียดร้าน รูปภาพเบอร์โทรศัพท์ รูปภาพเมนู รูปอาหาร ร้านราชพฤกษ์ ร้านสาขา ร้านอาหารรูป ร้านอาหารสาขา ร้านอาหารแชะ ร้านอาหารโปรโมชั่น ร้านอาหารโรงแรม ร้านเดอะ ลดราคาโปรโมชั่น ลมอาหาร วิวรูปภาพ วิวอร่อย วิวเดอะ สวัสดิ์อาหาร สาขาคุ้ม สาขาเมนู สุขภาพความงาม สุขุมวิททอง ส่วนลดพิเศษ ส่วนลดร้านอาหาร หล่อพารากอน หัวหิน หินเชียงใหม่ อร่อยเพื่อน อร่อยเมนู อาหารจีนอาหาร อาหารญี่ปุ่น อาหารเมนู เชียงใหม่ดีล เซ็นทรัลชิด เทพปริมลฑล เบอร์โทรศัพท์ส่วนลด เพื่อนชิม เมนูราคา เมนูอร่อย แชร์ร้านอาหาร แชะชิม แนะนำกรุง แนะนำส่วนลด โรงแรมท่องเที่ยว ไทยทั่วไป ไทยอาหารจีน,2
02-101-5328,ณ์ซาลาเปา ภรณ์ ราภร ซาลาเปาโฮมเวิร์ค วรา โฮมเวิร์คราชพฤกษ์ รีวิว นวรา พฤกษ์ว ราชพฤกษ์ ราชพฤกษ์รี ราชพฤกษ์ร้า ร้านว วิวว โฮมเวิร์คราช คูปองวงใน ชาวว ชิมชา ซาลาเปาราชพฤกษ์ ซาลาเปาสาขา บริษัทว พิเศษรี ภวรา ราคารูปภาพ ราชพฤกษ์อาหารจีน ราชพฤกษ์เมนู ราชพฤกษ์แผน ราชพฤกษ์แผนที่ ราภว รูปภาพอาหาร รูปภาพเบอร์โทรศัพท์ รูปอาหาร ร้านสาขา ร้านอร่อย ร้านอา ร้านอาหารอาหาร ร้านเด็ด วงในร้าน ววรา วิวอร่อย วิวเมนู สาขารี สาขาโฮมเวิร์ค ส่วนลดคูปอง ส่วนลดพิเศษ หารว อร่อยร้านอาหาร อร่อยเพื่อน อาหาร อาหารจีนร้าน อาหารรูป อาหารร้าน อาหารเส้นทาง เด็ดร้าน เบอร์โทรศัพท์ส่วนลด เพื่อนชิม เมนูราคา เมนูแนะนำ เส้นทางแผนที่ แนะนำรูปภาพ แผนที่ส่วนลด แผนว,2
02-101-5352,คูปองวงใน มิสเตอร์โดนัท ราชพฤกษ์ของหวาน รีวิว รูปภาพอาหาร รูปอาหาร ร้านอร่อย ร้านอาหารอาหาร ร้านเด็ด วิวเมนู อร่อยร้านอาหาร อาหารรูป อาหารร้าน เด็ดร้าน เมนูแนะนำ เส้นทางแผนที่ โดนัทโฮมเวิร์ค โฮมเวิร์คราชพฤกษ์ ของหวานรี ของหวานเขต จังหวัดรูปภาพ ย่านจังหวัด วงในมิสเตอร์ ส่วนลดคูปอง ส่วนลดรี อาหารส่วนลด อาหารเส้นทาง เขตย่าน แนะนำรูปภาพ แนะนำเส้นทาง แผนที่คูปอง แผนที่ส่วนลด,2
02-101-5369,กรุงเทพ เทพปริมลฑล เมนูแนะนำ ชิมแชร์ ปริมลฑลร้านอาหาร รูปอาหาร ร้านอาหารรูป ร้านอาหารแชะ ร้านอาหารโปรโมชั่น ส่วนลดร้านอาหาร อร่อยเมนู อาหารเมนู เมนูอร่อย แชะชิม แนะนำส่วนลด โปรโมชั่นร้านอาหาร กรวยลำ ซาลาเปาหมูสับ ปริมลฑลเอ็ม ลำลอง เคอกรวย เอ็มเค เอ็มเคอ แชร์กรุง กรวยรี กรอบกรุง กุ้งเอ็ม ขนมจีบกุ้ง จีนร้าน ราชพฤกษ์จีน รายละเอียดร้าน รีวิว รูปภาพเมนู ร้านราชพฤกษ์ ร้านสาขา ลองซาลาเปา ลองเป็ด วิวรูปภาพ สาขากรวย หมูกรอบ หมูสับกรุง หมูแดงหมู เคขนมจีบ เคซาลาเปา เป็ดหมูแดง แชร์เอ็ม แนะนำกรุง,2
02-101-8721,คุ้มคุ้ม ความงามที่พัก คุ้มลดราคา ชิดลม ญี่ปุ่นพัทยา ดีลดีล ดีลพิเศษ ทองหล่อ ที่พักสุขุมวิท ท่องเที่ยวสุขภาพ พัทยาภูเก็ต พารากอนเซ็นทรัล ภูเก็ตหัว ร้านอาหารโรงแรม ลดราคาโปรโมชั่น ลมอาหาร สุขภาพความงาม สุขุมวิททอง หล่อพารากอน หัวหิน หินเชียงใหม่ อาหารจีนอาหาร อาหารญี่ปุ่น อาหารไทย เชียงใหม่ดีล เซ็นทรัลชิด โปรโมชั่นร้านอาหาร โรงแรมท่องเที่ยว ไทยอาหารจีน,2
02-101-8727,กรุงเทพ ชิมแชร์ ปริมลฑลร้านอาหาร รูปอาหาร ร้านอาหารรูป ร้านอาหารแชะ ร้านอาหารโปรโมชั่น ส่วนลดร้านอาหาร อร่อยเมนู อาหารเมนู เทพปริมลฑล เมนูอร่อย เมนูแนะนำ แชะชิม แนะนำส่วนลด โปรโมชั่นร้านอาหาร,2
02-102-2050,ดีไซน์ตกแต่ง ตกแต่งบ้าน คริสตัลดีไซน์ ดีไซน์เฟอร์นิเจอร์ ดื่มเฟอร์นิเจอร์ นั่งดื่ม บ้านดีไซน์ บ้านร้านอาหาร บ้านเฟอร์นิเจอร์ ฟิตเฟอร์นิเจอร์ ร้านนั่ง ร้านอาหารร้าน ร้านไวน์ ออฟฟิต เฟอร์นิเจอร์คริสตัล เฟอร์นิเจอร์ตกแต่งภายใน เฟอร์นิเจอร์ออฟ เฟอร์นิเจอร์แต่ง แต่งบ้าน ไวน์ร้าน,2
02-102-2065,ขนมขนม กรุงเทพ กรุงเทพมหานครลาดพร้าว ขนมประเทศไทย ของหวานขนม ประเทศไทยกรุง ลาดพร้าวลาดพร้าว ลาดพร้าวเบเกอรี่ เค้กของหวาน เบเกอรี่เค้ก,2
02-102-2096,ดีไซน์ตกแต่ง ตกแต่งบ้าน บ้านดีไซน์ กำลังพูดถึง คนกำลัง คนคน ตกแต่งไลฟ์สไตล์ ถูกใจคน ทันสมัยยิ่งใหญ่ นวัตกรรมดีไซน์ บ้านถูกใจ พูดถึงสิ่ง ยิ่งใหญ่เอเชีย สิ่งอาณาจักร อันทันสมัย อาณาจักรนวัตกรรม ไลฟ์สไตล์อัน,2
02-102-2115,ดีไซน์ตกแต่ง ตกแต่งบ้าน กรุงเทพมหานครถูกใจ กำลังพูดถึง คนกำลัง คนคน คนที่นี่ คุ้มคุ้ม ถูกใจคน บ้านดีไซน์ พูดถึงสิ่ง สิ่งคน คริสตัลดีไซน์ ความงามที่พัก คอฟ คุ้มลดราคา คูปองวงใน ชิดลม ญี่ปุ่นพัทยา ดีลดีล ดีลพิเศษ ดีไซน์เซ็นเตอร์ ทองหล่อ ที่นี่กรุงเทพมหานคร ที่นี่คุ้ม ที่พักสุขุมวิท ท่องเที่ยวสุขภาพ บ้านกรุงเทพมหานคร พัทยาภูเก็ต พารากอนเซ็นทรัล พิเศษคอ ฟฟี่ ฟี่แก ภูเก็ตหัว รีวิว รี่คริสตัล รูปภาพอาหาร รูปอาหาร ร้านกาแฟรี ร้านอร่อย ร้านอาหารอาหาร ร้านอาหารโรงแรม ร้านเด็ด ลดราคาโปรโมชั่น ลมอาหาร ลอรี่ วิวเมนู สุขภาพความงาม สุขุมวิททอง ส่วนลดคูปอง หล่อพารากอน หัวหิน หินเชียงใหม่ อร่อยร้านอาหาร อาหารจีนอาหาร อาหารญี่ปุ่น อาหารรูป อาหารร้าน อาหารเส้นทาง อาหารไทย เชียงใหม่ดีล เซ็นทรัลชิด เซ็นเตอร์ร้านกาแฟ เด็ดร้าน เมนูแนะนำ เส้นทางแผนที่ แกลอ แนะนำรูปภาพ แผนที่ส่วนลด โปรโมชั่นร้านอาหาร โรงแรมท่องเที่ยว ไทยอาหารจีน,2
02-102-2302,ดีไซน์ตกแต่ง ตกแต่งบ้าน คุ้มคุ้ม บ้านดีไซน์ กำลังพูดถึง คนกำลัง คนคน ความงามที่พัก คุ้มลดราคา ชิดลม ญี่ปุ่นพัทยา ดีลดีล ดีลพิเศษ ตกแต่งไลฟ์สไตล์ ถูกใจคน ทองหล่อ ทันสมัยยิ่งใหญ่ ที่พักสุขุมวิท ท่องเที่ยวสุขภาพ นวัตกรรมดีไซน์ บ้านถูกใจ พัทยาภูเก็ต พารากอนเซ็นทรัล พูดถึงสิ่ง ภูเก็ตหัว ยิ่งใหญ่เอเชีย ร้านอาหารโรงแรม ลดราคาโปรโมชั่น ลมอาหาร สิ่งอาณาจักร สุขภาพความงาม สุขุมวิททอง หล่อพารากอน หัวหิน หินเชียงใหม่ อันทันสมัย อาณาจักรนวัตกรรม อาหารจีนอาหาร อาหารญี่ปุ่น อาหารไทย เชียงใหม่ดีล เซ็นทรัลชิด เอเชียคุ้ม โปรโมชั่นร้านอาหาร โรงแรมท่องเที่ยว ไทยอาหารจีน ไลฟ์สไตล์อัน,2
02-102-2323,กทมร้านอาหาร กรุงเทพมหานครกทม ดีไซน์ตกแต่ง ตกแต่งบ้าน กรุงเทพมหานครถูกใจ คนคน คนที่นี่ คริสตัลดีไซน์ ดีไซน์เฟอร์นิเจอร์ ดื่มเฟอร์นิเจอร์ ตกแต่งภายในกรุงเทพมหานคร ถูกใจคน ที่นี่กรุงเทพมหานคร นั่งดื่ม บ้านดีไซน์ บ้านร้านอาหาร บ้านเฟอร์นิเจอร์ ฟิตเฟอร์นิเจอร์ ภาพถ่ายภาพ ภาพถ่ายรูป ภาพภาพ ภาพรูปภาพ รีวิว รูปกรุงเทพมหานคร รูปถ่ายภาพถ่าย รูปภาพภาพ รูปภาพภาพถ่าย รูปภาพรูปภาพ รูปรูป รูปรูปถ่าย รูปรูปภาพ ร้านนั่ง ร้านอาหารรี ร้านอาหารรูป ร้านอาหารร้าน ร้านอาหารอาหาร ร้านไวน์ วิวร้านอาหาร ห้องอาหารรูป ออฟฟิต อาหารห้องอาหาร เฟอร์นิเจอร์คริสตัล เฟอร์นิเจอร์ตกแต่งภายใน เฟอร์นิเจอร์ออฟ เฟอร์นิเจอร์แต่ง แต่งบ้าน ไวน์ร้าน,2
02-102-2366,กรุงเทพมหานครดู การทางพิเศษแห่งประเทศไทยรายละเอียด คนการทางพิเศษแห่งประเทศไทย ความสุขถูกใจ คันนายาวรี คาเฟ่กรุงเทพมหานคร คำวิจารณ์คำแนะนำ คำแนะนำโครงการ จังวอน ดูคำวิจารณ์ ถูกใจคน ฟิวชั่นคันนา ยาวรีวิว รอยยิ้มล้าน รายละเอียดร้าน รูปภาพเมนู ร้านจัง ร้านอาหารคาเฟ่ ล้านความสุข ล้านรอยยิ้ม วอนฟิวชั่น วิวรูปภาพ เมนูแนะนำ โครงการล้าน,2
02-102-2372,ชิคใหม่ แหล่งชิค คุ้นหูมากขึ้น ชื่อคุ้นหู ดีไซน์ตกแต่ง ตกแต่งบ้าน ทางด่วนรามอินทรา ทุกวันวันนี้ บ้านแุถว มากขึ้นทุกวัน รวบรวมแหล่ง รามอินทราแหล่ง วงในรวบรวม วันนี้วงใน เลียบทางด่วน แุถวเลียบ ใหม่ชื่อ,2
02-102-2373,ดีไซน์ตกแต่ง ตกแต่งบ้าน บ้านดีไซน์ ก๋วยเตี๋ยวรี ก๋วยเตี๋ยวไข่ คริสตัลดีไซน์ คูปองวงใน ดีไซน์เฟอร์นิเจอร์ ดื่มเฟอร์นิเจอร์ ตกแต่งภายในก๋วยเตี๋ยว ตกแต่งไลฟ์สไตล์ ทันสมัยยิ่งใหญ่ นวัตกรรมดีไซน์ นั่งดื่ม บ้านร้านอาหาร บ้านเฟอร์นิเจอร์ ฟิตเฟอร์นิเจอร์ ยิ่งใหญ่เอเชีย ย้อนยุคก๋วยเตี๋ยว รีวิว รูปภาพอาหาร รูปอาหาร ร้านนั่ง ร้านอร่อย ร้านอาหารร้าน ร้านอาหารอาหาร ร้านเด็ด ร้านไวน์ วงในอาณาจักร วิวเมนู ส่วนลดคูปอง อร่อยร้านอาหาร ออฟฟิต อันทันสมัย อาณาจักรนวัตกรรม อาหารรูป อาหารร้าน อาหารเส้นทาง เด็ดร้าน เฟอร์นิเจอร์คริสตัล เฟอร์นิเจอร์ตกแต่งภายใน เฟอร์นิเจอร์ออฟ เฟอร์นิเจอร์แต่ง เมนูแนะนำ เส้นทางแผนที่ แต่งบ้าน แนะนำรูปภาพ แผนที่ส่วนลด ไข่ย้อนยุค ไลฟ์สไตล์อัน ไวน์ร้าน,2
02-102-2385,ดีไซน์ตกแต่ง กำลังพูดถึง คนกำลัง คนคน ตกแต่งบ้าน ตกแต่งไลฟ์สไตล์ ถูกใจคน ทันสมัยยิ่งใหญ่ นวัตกรรมดีไซน์ พูดถึงสิ่ง ยิ่งใหญ่เอเชีย สิ่งอาณาจักร อันทันสมัย อาณาจักรนวัตกรรม ไลฟ์สไตล์อัน บ้านดีไซน์ เอเชียถูกใจ บ้านถูกใจ,2
02-102-2422,ชิคใหม่ ดีไซน์ตกแต่ง ตกแต่งบ้าน แหล่งชิค กริลล์โก กุบุฟเฟ่ต์ คุ้นหูมากขึ้น ชั่นแุถวเลียบ ชาวโปรโมชั่น ชิมชาว ชื่อคุ้นหู ญี่ปุ่นปิ้ง ทางด่วนรามอินทรา ทุกวันวันนี้ บุฟเฟ่ต์ญี่ปุ่น บ้านกริลล์ บ้านดีไซน์ ปิ้งย่าง พิเศษรี มากขึ้นทุกวัน ย่างร้านอาหาร รวบรวมแหล่ง ราคารูปภาพ รามอินทราแหล่ง รีวิว รูปภาพเบอร์โทรศัพท์ ร้านอาหารเมนู ลดโปร วงในรวบรวม วันนี้วงใน วิวอร่อย ส่วนลดพิเศษ อร่อยเพื่อน เบอร์โทรศัพท์ส่วนลด เพื่อนชิม เมนูราคา เลียบทางด่วน โกกุ โปรโม โปรโมชั่นลด โปรโมชั่นโปรโมชั่น โมชั่นแุถว ใหม่ชื่อ,2
02-108-5115,ซาโบ โบเตน ขนมปังขนมปัง คุ้มคุ้ม นาด พรอมา รีวิว ลดราคาโปรโมชั่น อมานา อาหารญี่ปุ่น เดอะพร กรุงเทพมหานครถูกใจ กำลังพูดถึง ขนมปังปิ้ง ขนมปังผลิต ขนมปังวิธีทำ ขนมปังเจ ขนมปังเบอร์เกอร์ ขนมปังเบเกอรี่ ขายขนมปัง ขายเศษ คนกำลัง คนคน คนที่นี่ ความงามที่พัก คุ้มลดราคา คูปองวงใน จ่ายโปรโมชั่น ชิดลม ชิมชาว ญี่ปุ่นพัทยา ญี่ปุ่นร้าน ดอาหาร ดีลดีล ดีลพิเศษ ดเมนู ถูกใจคน ทองหล่อ ที่นี่ลดราคา ที่พักสุขุมวิท ท่องเที่ยวสุขภาพ ปิ้งสูตร ผลิตขนมปัง พัทยาภูเก็ต พารากอนเซ็นทรัล พิเศษรี พิเศษร้านอาหาร พูดถึงสิ่ง ฟาร์มเฮ้าส์ ภูเก็ตหัว ราคารูปภาพ รูปภาพอาหาร รูปภาพเบอร์โทรศัพท์ รูปอาหาร ร้านสาขา ร้านอร่อย ร้านอาหารสาขา ร้านอาหารอาหาร ร้านอาหารโรงแรม ร้านเด็ด ลดแลก ลมอาหาร วงในซา วิธีทำขนมปัง วิธีทำอาหาร วิวอร่อย วิวเมนู สาขารี สาขาเดอะ สิ่งคน สุขภาพความงาม สุขุมวิททอง สูตรขนมปัง สูตรอาหาร ส่วนลดคูปอง ส่วนลดพิเศษ หล่อพารากอน หัวหิน หินเชียงใหม่ อร่อยร้านอาหาร อร่อยเพื่อน อาหารขาย อาหารจีนอาหาร อาหารรูป อาหารร้าน อาหารวิธีทำ อาหารเช้าแซนด์วิช อาหารเส้นทาง อาหารไทย เจกรุงเทพมหานคร เชียงใหม่ดีล เซลล์ลด เซ็นทรัลชิด เด็ดร้าน เตนคุ้ม เตนจ่าย เตนซา เตนเดอะ เบอร์เกอร์โฮลวีต เบอร์โทรศัพท์ส่วนลด เบเกอรี่อาหารเช้า เพื่อนชิม เมนูราคา เมนูแนะนำ เศษขนมปัง เส้นทางแผนที่ เฮ้าส์ขนมปัง แจกแถม แซนด์วิชขาย แถมซา แนะนำรูปภาพ แผนที่ส่วนลด แลกแจก โปรโมชั่นซา โปรโมชั่นร้านอาหาร โปรโมชั่นเซลล์ โรงแรมท่องเที่ยว โฮลวีตสูตร ไทยอาหารจีน,2
02-108-5170,พระยาร้านอาหาร รีวิว เจริญกรุง เจ้าพระยา เทพปริมลฑล เมนูแนะนำ กรุงติด กรุงถนน กรุงเทพ กรุงเทพมหานครคอแหลม กรุงเทพมหานครถูกใจ กากหมูกรุง กำลังพูดถึง คนกำลัง คนคน คอแหลมรี คอแหลมวัดพระยาไกร ชาวกรุงเทพ ชิมชาวกรุง ชิมแชร์ ติดริมแม่น้ำ ถนนเจริญ ถั่วกากหมู ถูกใจคน นกึ่งผับ นานาชาติริมน้ำ นานาชาติอา บาร์รายละเอียด ปริมลฑลร้านอาหาร ปริมลฑลเดอะ ผับบาร์ พิเศษรี พูดถึงสิ่ง ฟิวชั่นกึ่ง มาร์เก็ตวัดพระยาไกร ราคารูปภาพ รายละเอียดร้าน ริมน้ำคอแหลม ริมน้ำร้านอาหาร ริมเจ้า ริมแม่น้ำเจ้า รูปภาพเบอร์โทรศัพท์ รูปภาพเมนู รูปอาหาร ร้านนานาชาติ ร้านอาหารริม ร้านอาหารริมน้ำ ร้านอาหารรูป ร้านอาหารเจริญ ร้านอาหารเมนู ร้านอาหารแชะ ร้านอาหารโปรโมชั่น ร์เบอร์ ลองถั่ว ลำลอง วัดพระยาไกรลำ วัดพระยาไกรอาหาร วิวรูปภาพ วิวอร่อย สิ่งกรุงเทพมหานคร ส่วนลดพิเศษ ส่วนลดร้านอาหาร หารฟิวชั่ อร่อยเพื่อน อร่อยเมนู อาหาร อาหารนานาชาติ อาหารเมนู ฮาร์ เดอะฮา เบอร์มาร์เก็ต เบอร์โทรศัพท์ส่วนลด เพื่อนชิม เมนูราคา เมนูอร่อย แชะชิม แนะนำร้านอาหาร แนะนำส่วนลด โปรโมชั่นร้านอาหาร,2
02-108-5198,ซีฟู๊ด น้องเนย เนยซี กระพง กรุงเทพ กาแฟแนะนำ คนรักกาแฟ คันนายาว ชาวร้านอาหาร ชิมชาว ชิมแชร์ ทอดน้ำปลา ทอดมันปลากรายกรุง ทั่วประเทศร้านอาหาร ธุรกิจร้านกาแฟ น้ำปลาทอดมันปลากราย ปริมลฑลร้านอาหาร ปลากระ พงทอด พิเศษรี ฟู๊ดเมนู ฟู๊ดเว็บบอร์ด ราคารูปภาพ รีวิว รูปภาพเบอร์โทรศัพท์ รูปอาหาร ร้านกาแฟทั่วประเทศ ร้านน้อง ร้านอาหารน้อง ร้านอาหารรูป ร้านอาหารเขต ร้านอาหารแชะ ร้านอาหารโปรโมชั่น วิวอร่อย ส่วนลดพิเศษ ส่วนลดร้านอาหาร อร่อยเพื่อน อร่อยเมนู อาหารเมนู เขตคันนา เทพปริมลฑล เบอร์โทรศัพท์ส่วนลด เพื่อนชิม เมนูราคา เมนูอร่อย เมนูแนะนำ เว็บบอร์ดคนรัก แชร์ร้าน แชะชิม แนะนำธุรกิจ แนะนำส่วนลด โปรโมชั่นร้านอาหาร,2
02-108-5437,กรุงเทพ กรุงเทพมหานครถูกใจ กรุงเทพมหานครร้าน กรุงเทพมหานครวัฒนา กำลังพูดถึง คนกำลัง คนคน คนที่นี่ ครอบครัวเด็ก คลองเตย คูปองวงใน ถูกใจคน ที่นี่ฮา นานาวัฒนา พูดถึงสิ่ง รีวิว ร้านอร่อย ร้านอาหารอาหาร ร้านอาหารอินโดนีเซีย ร้านเด็ด ลร้านอาหาร ลาล วงในกรุงเทพมหานคร วัฒนากรุงเทพมหานคร วัฒนาคลอง วิวเมนู สิ่งคน ส่วนลดรี อร่อยร้านอาหาร อาหารส่วนลด อาหารอินโดนีเซีย อินโดนีเซียกรุง อินโดนีเซียครอบครัว อโศกนานา ฮาลา เด็ดร้าน เตยเหนือ เทพอโศก เมนูแนะนำ เส้นทางแผนที่ เหนืออาหาร แนะนำเส้นทาง แผนที่คูปอง,2
02-108-5859,โดมอน บุฟเฟ่ต์จ่าย บุฟเฟ่ต์โปรโมชั่น ปิ้งย่าง ฮาชิ โปรโมชั่นบุฟเฟ่ต์ กรุงเทพ บุฟเฟ่ต์ปิ้ง ย่างบุฟเฟ่ต์ รีวิว รูปอาหาร เมนูแนะนำ ไดโดม จ่ายบุฟเฟ่ต์ จ่ายโปรโมชั่น ชั่นไดโดม ชิบุฟเฟ่ต์ ชิมแชร์ ชิฮา ทาวน์ บุฟเฟ่ต์ได ปริมลฑลร้านอาหาร ร้านอาหารรูป ร้านอาหารแชะ ร้านอาหารโปรโมชั่น ส่วนลดร้านอาหาร อนบุฟเฟ่ต์ อนโปร อนไดโดม อร่อยเมนู อาหารเมนู เตาถ่านจ่าย เตาถ่านเตาถ่าน เทพปริมลฑล เมนูอร่อย แชะชิม แนะนำส่วนลด โดมอนได โปรโม โปรโมชั่นร้านอาหาร โมชั่นได กรุงเทพมหานครถูกใจ กำลังพูดถึง คนกำลัง คนคน คนที่นี่ คูปองวง จังวังทองหลาง จังสาขา จ่ายจ่าย จ่ายบุ จ่ายลูกค้า จ่ายอาหาร จ่ายเตาถ่าน ชาวกรุงเทพ ชิมชาวกรุง ญี่ปุ่นรี ฑลไดจัง ถนนศรีว ถูกใจคน ที่นี่บน บนถนน บัตรเครดิตโปรโมชั่น บุฟเฟต์ บุฟเฟ่ต์บุฟเฟ่ต์ บุฟเฟ่ต์ฮา ปริมล พิเศษรี พูดถึงสิ่ง ฟเฟต์ปิ้ง มลฑลได ย่างโปรโมชั่น ราคารูปภาพ ราอาหาร รูปภาพกรุง รูปภาพอาหาร รูปภาพเบอร์โทรศัพท์ ร้านอร่อย ร้านอาหารอาหาร ร้านอาหารเมนู ร้านเด็ด ลองรูปภาพ ลาดพร้าวร้านอาหาร ลำลอง ลูกค้าจ่าย วงได วน์กรุง วน์อิน วังทองหลางลำ วิวอร่อย วิวเมนู วิวได ศรีวรา สาขาทา สิ่งคน ส่วนลดคูปอง ส่วนลดพิเศษ อนเตาถ่าน อร่อยร้านอาหาร อร่อยเพื่อน อาหารญี่ปุ่น อาหารบุฟเฟ่ต์ อาหารรูป อาหารร้าน อาหารเครื่องดื่ม อาหารเส้นทาง อินทา เด็ดร้าน เตาถ่านโปรโมชั่น เทพปริ เทพลาดพร้าว เบอร์โทรศัพท์ส่วนลด เพื่อนชิม เมนูราคา เส้นทางแผนที่ แชร์กรุง แชร์จ่าย แนะนำรูปภาพ แผนที่ส่วนลด โปรโมชั่นบัตรเครดิต โปรโมชั่นรี โปรโมชั่นอาหาร โปรโมชั่นฮา โปรโมชั่นเตาถ่าน ไดจัง,2
02-108-5869,ชาบู กรุงเทพ เทพปริมลฑล โซะชา โบโซะ รูปอาหาร เมนูแนะนำ ชิมแชร์ บูวังทองหลาง บูอาหาร ปริมลฑลร้านอาหาร ปริมลฑลโบ รีวิว รูปภาพกรุง ร้านอาหารรูป ร้านอาหารแชะ ร้านอาหารโปรโมชั่น ลองรูปภาพ ลำลอง วังทองหลางลำ สุกี้ชา ส่วนลดร้านอาหาร อร่อยเมนู อาหารเกาหลี อาหารเมนู เมนูอร่อย แชะชิม แนะนำส่วนลด โปรโมชั่นร้านอาหาร กรุงเทพมหานครกรุง กำนัลบัตร คูปองวงใน ชาวกรุงเทพ ชิมชาวกรุง ซื้อขายบัตร นี่กรุง บัตรกำนัล บัตรพ้อง บัตรอื่นๆ บัตรเงินสด บัตรเช่า บุฟเฟ่ต์ซื้อขาย บูสุกี้ บูเกาหลี พลับพลาสุกี้ พักบัตร พิเศษรี พ้องพัก มหานครวังทองหลาง มากมายได้ที่ รถบัตร ราคารูปภาพ รูปภาพอาหาร รูปภาพเบอร์โทรศัพท์ ร้านอร่อย ร้านอาหารอาหาร ร้านอาหารเขต ร้านอาหารเมนู ร้านเด็ด วงในร้านอาหาร วังทองหลางพลับพลา วังทองหลางโบ วิวอร่อย วิวเมนู ส่วนลดคูปอง ส่วนลดพิเศษ อร่อยร้านอาหาร อร่อยเพื่อน อาหารรูป อาหารร้าน อาหารเส้นทาง อื่นๆมากมาย เกาหลีกรุงเทพมหานคร เกาหลีบุฟเฟ่ต์ เกาหลีรี เขตวังทองหลาง เงินสดบัตร เช่ารถ เด็ดร้าน เทพมหานคร เบอร์โทรศัพท์ส่วนลด เพื่อนชิม เมนูราคา เส้นทางแผนที่ แชร์ร้านอาหาร แนะนำรูปภาพ แผนที่ส่วนลด ได้ที่นี่,2
02-108-6059,กรุงเทพ โมชิ กินิคุ คูปองอาหาร คูปองเว็บไซต์ ชิยา ชิโม ยากินิ สินค้าบริการ สินค้าส่วนลด ส่วนลดคูปอง ส่วนลดอาหาร ออนไลน์คูปอง อาหารเครื่องดื่ม เครื่องดื่มคูปอง เครื่องดื่มส่วนลด เทพกรุง เทพส่วนลด โปรโมชั่นออนไลน์ กรุงเทพมหานครโม กรุงเทพฯไทย การศึกษากรุง การศึกษาส่วนลด กีฬาคูปอง กีฬาส่วนลด คลินิคกรุง ความงามคูปอง ความงามส่วนลด คุร้านอาหาร คุโม คูปองการศึกษา คูปองกีฬา คูปองความงาม คูปองดีล คูปองที่พัก คูปองท่องเที่ยว คูปองบันเทิง คูปองร้านอาหาร คูปองสปา คูปองสินค้า คูปองส่วนลด คูปองออนไลน์ คูปองอินเตอร์เน็ต คูปองเครื่องดื่ม คูปองเครื่องประดับ คูปองเครื่องแต่งกาย คูปองแฟชั่น คูปองโปรโมชั่น คูปองโรงแรม จ่ายบุฟเฟ่ต์ ชาวกรุงเทพ ชิมชาวกรุง ช้อปปิ้งคูปอง ดีลคูปอง ดีลส่วนลด ที่พักคูปอง ท่องเที่ยวคูปอง ท่องเที่ยวส่วนลด บริการช้อปปิ้ง บริการสินค้า บัตรส่วนลด บันเทิงคูปอง บันเทิงส่วนลด บุฟเฟ่ต์กรุงเทพมหานคร บุฟเฟ่ต์ปิ้ง บุฟเฟ่ต์ส่วนลด ประเทศไทยร้านอาหาร ปิ้งย่าง พิเศษรี ย่างโปรโมชั่น ราคารูปภาพ ราคาสินค้า รีวิว รูปภาพเบอร์โทรศัพท์ ร้านอาหารสปา ร้านอาหารเขต ร้านอาหารเมนู ลดราคาคูปอง วิวอร่อย สปาคลินิค สปาคูปอง สปาส่วนลด สินค้าคูปอง สินค้าออนไลน์ สินค้าโปรโมชั่น ส่วนลดกรุง ส่วนลดการศึกษา ส่วนลดกีฬา ส่วนลดความงาม ส่วนลดดีล ส่วนลดท่องเที่ยว ส่วนลดบัตร ส่วนลดบันเทิง ส่วนลดบุฟเฟ่ต์ ส่วนลดพิเศษ ส่วนลดสปา ส่วนลดสินค้า ส่วนลดออนไลน์ ส่วนลดอินเตอร์เน็ต ส่วนลดเครื่องดื่ม ส่วนลดเครื่องประดับ ส่วนลดเครื่องแต่งกาย ส่วนลดแฟชั่น ส่วนลดโรงแรม อร่อยเพื่อน ออนไลน์สินค้า ออนไลน์อินเตอร์เน็ต ออนไลน์โปรโมชั่น อาหารคูปอง อาหารส่วนลด อินเตอร์เน็ตคูปอง อินเตอร์เน็ตลดราคา อินเตอร์เน็ตสินค้า อินเตอร์เน็ตโปรโมชั่น เขตประเวศ เครื่องประดับคูปอง เครื่องประดับส่วนลด เครื่องแต่งกายคูปอง เครื่องแต่งกายส่วนลด เทพกรุงเทพฯ เทพคูปอง เบอร์โทรศัพท์ส่วนลด เพื่อนชิม เมนูราคา เว็บไซต์ราคา เว็บไซต์ส่วนลด แฟชั่นคูปอง แฟชั่นส่วนลด โปรโมชั่นบุฟเฟ่ต์ โปรโมชั่นสินค้า โปรโมชั่นอินเตอร์เน็ต โรงแรมคูปอง โรงแรมส่วนลด ไทยประเทศไทย,2
02-102-2049,คุ้มคุ้ม ความงามที่พัก คุ้มลดราคา ชิดลม ญี่ปุ่นพัทยา ดีลดีล ดีลพิเศษ ทองหล่อ ที่พักสุขุมวิท ท่องเที่ยวสุขภาพ พัทยาภูเก็ต พารากอนเซ็นทรัล ภูเก็ตหัว ร้านอาหารโรงแรม ลดราคาโปรโมชั่น ลมอาหาร สุขภาพความงาม สุขุมวิททอง หล่อพารากอน หัวหิน หินเชียงใหม่ อาหารจีนอาหาร อาหารญี่ปุ่น อาหารไทย เชียงใหม่ดีล เซ็นทรัลชิด โปรโมชั่นร้านอาหาร โรงแรมท่องเที่ยว ไทยอาหารจีน,3
